payCardID,payCardBank,payCardName,payCardSex,payCardBirthDate
30276672399789,bni,"Teguh Wijaya, S.Pt",F,1981
4230327309726801,dki,Gandi Suartini,F,1988
4555304365157,online,Eluh Adriansyah,M,1991
4799775332826768700,brizzi,Lasmanto Marpaung,M,1982
5250092671931114,dki,Kenzie Pranowo,F,1956
213169744437795,emoney,Raden Mardhiyah,F,1987
213100542795050,emoney,Murti Kuswoyo,F,1981
4745660707486,online,Tina Dabukke,F,1966
3507821491441722,dki,Luwes Budiman,F,1996
4660075829742639,dki,Dr. Kemal Rahayu,F,1994
